Kode Servis,Nama,Alamat,Jenis Kelamin,Nomor Telepon,Nomor Polisi,Model,Transmisi,Fuel Type,Tahun,Paket Service,Tanggal Booking,Keterangan Lain,Status,Estimasi Waktu Servis,date_created,date approved
KDS/24/I/001,Daniel Sumarto,"Gresik, Jawa Timur",Male,85806871679,W 123 KL,Auris,Manual,Petrol,2010,"Periodic Service, Body and Paint Service",2024-01-01,sedikit lecet kena cakar kucing tantrum,Done,08:50-10:20,2024-01-01 08:00:00,2024-01-01 17:30:00
KDS/24/I/002,Ani Sumarni,"Surabaya, Jawa Timur",Female,81234567890,B 1234 CD,Avensis,Automatic,Hybrid,2015,"Periodic Service, Tune Up Service",2024-01-01,Bersih dari debu dan kotoran,Done,08:07-09:00,2024-01-01 09:00:00,2024-01-01 17:30:00
KDS/24/I/003,Adi Nugroho,"Sidoarjo, Jawa Timur",Male,82345678901,D 5678 EF,Aygo,Manual,Diesel,2018,Body and Paint Service,2024-01-01,Pengecatan ulang,Done,08:00-09:00,2024-01-01 10:00:00,2024-01-01 16:00:00
KDS/24/I/004,Budi Santoso,"Gresik, Jawa Timur",Male,83456789012,L 9012 GH,C-HR,Automatic,Other,2017,Periodic Service,2024-01-01,Ganti oli dan filter,Done,09:10-10:10,2024-01-01 11:00:00,2024-01-01 14:45:00
KDS/24/I/005,Citra Anggraeni,"Surabaya, Jawa Timur",Female,84567890123,H 3456 IJ,Camry,Manual,Petrol,2019,Tune Up Service,2024-01-01,Cek kelistrikan,Done,10:20-11:20,2024-01-01 12:00:00,2024-01-01 15:20:00
KDS/24/I/006,Eko Susilo,"Sidoarjo, Jawa Timur",Male,86789012345,AB 7890 KL,Corolla,Automatic,Diesel,2020,Periodic Service,2024-01-01,Ganti oli,Done,11:30-12:30,2024-01-01 13:00:00,2024-01-01 16:00:00
KDS/24/I/007,Fahmi Hidayat,"Gresik, Jawa Timur",Male,87890123456,DW 6789 MN,GT86,Manual,Petrol,2016,Body and Paint Service,2024-01-01,Cat ulang bumper belakang,Done,08:00-09:00,2024-01-01 14:00:00,2024-01-01 16:30:00
KDS/24/I/008,Gina Sari,"Surabaya, Jawa Timur",Female,88901234567,DD 2345 OP,Hilux,Automatic,Hybrid,2018,Tune Up Service,2024-01-01,Cek AC,Done,08:00-09:00,2024-01-01 15:00:00,2024-01-01 09:31:00
KDS/24/I/009,Hendra Wijaya,"Sidoarjo, Jawa Timur",Male,89012345678,DB 5678 QR,IQ,Manual,Petrol,2015,Periodic Service,2024-01-01,Ganti oli dan filter udara,Done,09:10-10:10,2024-01-01 15:00:00,2024-01-02 09:31:00
KDS/24/I/008,Gina Sari,"Surabaya, Jawa Timur",Female,88901234567,DD 2345 OP,Hilux,Automatic,Hybrid,2018,Tune Up Service,2024-01-08,Cek AC,Done,10:20-11:20,2024-01-07 15:00:00,2024-01-03 09:31:00
KDS/24/I/009,Hendra Wijaya,"Sidoarjo, Jawa Timur",Male,89012345678,DB 5678 QR,IQ,Manual,Petrol,2015,Periodic Service,2024-01-09,Ganti oli dan filter udara,Done,11:30-12:30,2024-01-08 16:00:00,2024-01-04 09:31:00
KDS/24/I/010,Ika Putri,"Gresik, Jawa Timur",Female,80123456789,BG 9012 ST,Land Cruiser,Automatic,Diesel,2017,Periodic Service,2024-01-10,Cek rem,Done,12:40-13:40,2024-01-09 17:00:00,2024-01-05 09:31:00
KDS/24/I/011,Joko Widodo,"Surabaya, Jawa Timur",Male,81234567890,BK 3456 UV,Prius,Manual,Hybrid,2019,Tune Up Service,2024-01-11,Cek mesin,Done,08:00-09:00,2024-01-10 18:00:00,2024-01-06 09:31:00
KDS/24/I/021,Joko Widodo,"Surabaya, Jawa Timur",Male,81234567890,BK 3456 UV,Prius,Manual,Hybrid,2019,Tune Up Service,2024-01-11,Cek mesin,Done,08:00-09:00,2024-01-10 18:00:00,2024-01-06 09:31:00
KDS/24/I/012,Kiki Ramadhan,"Sidoarjo, Jawa Timur",Female,82345678901,DA 6789 WX,PROACE VERSO,Automatic,Petrol,2021,"Periodic Service, Body and Paint Service",2024-01-12,Ganti oli dan cat ulang,Done,09:10-10:10,2024-01-11 19:00:00,2024-01-07 09:31:00
KDS/24/I/022,Kiki Ramadhan,"Sidoarjo, Jawa Timur",Female,82345678901,DA 6789 WX,PROACE VERSO,Automatic,Petrol,2021,"Periodic Service, Body and Paint Service",2024-01-12,Ganti oli dan cat ulang,Done,09:10-10:10,2024-01-11 19:00:00,2024-01-07 09:31:00
KDS/24/I/013,Lia Haryati,"Gresik, Jawa Timur",Female,83456789012,AB 1234 CD,RAV4,Manual,Diesel,2024,Tune Up Service,2024-01-13,Cek suspensi,Done,10:20-11:20,2024-01-12 20:00:00,2024-01-08 09:31:00
KDS/24/I/023,Lia Haryati,"Gresik, Jawa Timur",Female,83456789012,AB 1234 CD,RAV4,Manual,Diesel,2024,Tune Up Service,2024-01-13,Cek suspensi,Done,10:20-11:20,2024-01-12 20:00:00,2024-01-08 09:31:00
KDS/24/I/014,Mirna Pratiwi,"Surabaya, Jawa Timur",Female,84567890123,BC 5678 EF,Supra,Automatic,Other,2022,Body and Paint Service,2024-01-14,Pengecatan ulang,Done,08:00-09:00,2024-01-13 21:00:00,2024-01-09 09:31:00
KDS/24/I/024,Mirna Pratiwi,"Surabaya, Jawa Timur",Female,84567890123,BC 5678 EF,Supra,Automatic,Other,2022,Body and Paint Service,2024-01-14,Pengecatan ulang,Done,08:00-09:00,2024-01-13 21:00:00,2024-01-09 09:31:00
KDS/24/I/015,Nina Suryani,"Sidoarjo, Jawa Timur",Female,85678901234,CD 9012 GH,Urban Cruiser,Manual,Hybrid,2021,Periodic Service,2024-01-15,Ganti oli dan filter,Done,08:00-09:00,2024-01-14 22:00:00,2024-01-10 09:31:00
KDS/24/I/025,Nina Suryani,"Sidoarjo, Jawa Timur",Female,85678901234,CD 9012 GH,Urban Cruiser,Manual,Hybrid,2021,Periodic Service,2024-01-15,Ganti oli dan filter,Done,08:00-09:00,2024-01-14 22:00:00,2024-01-10 09:31:00
KDS/24/I/016,Oscar Wijaya,"Gresik, Jawa Timur",Male,86789012345,DE 3456 IJ,Verso,Automatic,Petrol,2020,"Periodic Service, Tune Up Service",2024-01-16,Cek kelistrikan,Done,08:00-09:00,2024-01-15 23:00:00,2024-01-11 09:31:00
KDS/24/I/026,Oscar Wijaya,"Gresik, Jawa Timur",Male,86789012345,DE 3456 IJ,Verso,Automatic,Petrol,2020,"Periodic Service, Tune Up Service",2024-01-16,Cek kelistrikan,Done,08:00-09:00,2024-01-15 23:00:00,2024-01-11 09:31:00
KDS/24/I/017,Prita Kusuma,"Surabaya, Jawa Timur",Female,87890123456,EF 7890 KL,Verso-S,Manual,Diesel,2019,Body and Paint Service,2024-01-17,Cat ulang bumper depan,Done,08:00-09:00,2024-01-16 08:00:00,2024-01-12 09:31:00
KDS/24/I/027,Prita Kusuma,"Surabaya, Jawa Timur",Female,87890123456,EF 7890 KL,Verso-S,Manual,Diesel,2019,Body and Paint Service,2024-01-17,Cat ulang bumper depan,Done,08:00-09:00,2024-01-16 08:00:00,2024-01-12 09:31:00
KDS/24/I/018,Reza Hidayat,"Sidoarjo, Jawa Timur",Male,88901234567,FG 1234 MN,Yaris,Automatic,Petrol,2018,Periodic Service,2024-01-18,Ganti oli,Done,09:10-10:10,2024-01-17 09:00:00,2024-01-13 09:31:00
KDS/24/I/028,Reza Hidayat,"Sidoarjo, Jawa Timur",Male,88901234567,FG 1234 MN,Yaris,Automatic,Petrol,2018,Periodic Service,2024-01-18,Ganti oli,Done,09:10-10:10,2024-01-17 09:00:00,2024-01-13 09:31:00
KDS/24/I/019,Siti Lestari,"Gresik, Jawa Timur",Female,89012345678,GH 5678 OP,Auris,Manual,Other,2017,Tune Up Service,2024-01-19,Cek kelistrikan,Done,10:20-11:20,2024-01-18 10:00:00,2024-01-14 09:31:00
KDS/24/I/029,Siti Lestari,"Gresik, Jawa Timur",Female,89012345678,GH 5678 OP,Auris,Manual,Other,2017,Tune Up Service,2024-01-19,Cek kelistrikan,Done,10:20-11:20,2024-01-18 10:00:00,2024-01-14 09:31:00
KDS/24/I/020,Tono Suryanto,"Surabaya, Jawa Timur",Male,80123456789,HI 9012 QR,Avensis,Automatic,Hybrid,2016,Periodic Service,2024-01-20,Ganti oli dan filter udara,Done,11:30-12:30,2024-01-19 11:00:00,2024-01-15 09:31:00
KDS/24/I/030,Tono Suryanto,"Surabaya, Jawa Timur",Male,80123456789,HI 9012 QR,Avensis,Automatic,Hybrid,2016,Periodic Service,2024-01-20,Ganti oli dan filter udara,Done,11:30-12:30,2024-01-19 11:00:00,2024-01-15 09:31:00
KDS/24/II/001,Umar Satria,"Sidoarjo, Jawa Timur",Male,81234567890,IJ 3456 ST,Aygo,Manual,Diesel,2024,"Periodic Service, Tune Up Service",2024-02-01,Ganti oli,Done,12:40-13:40,2024-01-20 12:00:00,2024-01-16 09:31:00
KDS/24/II/002,Vivi Anggraini,"Gresik, Jawa Timur",Female,82345678901,JK 6789 UV,C-HR,Automatic,Petrol,2023,Body and Paint Service,2024-02-02,Pengecatan ulang,Done,08:00-09:00,2024-01-21 13:00:00,2024-01-17 09:31:00
KDS/24/II/003,Wiwi Wahyuni,"Surabaya, Jawa Timur",Female,83456789012,KL 9012 WX,Camry,Manual,Diesel,2023,Tune Up Service,2024-02-03,Cek AC,Done,09:10-10:10,2024-01-22 14:00:00,2024-01-18 09:31:00
KDS/24/II/004,Xena Rahmawati,"Sidoarjo, Jawa Timur",Female,84567890123,LM 1234 YZ,Corolla,Automatic,Other,2022,Periodic Service,2024-02-04,Ganti oli,Done,10:20-11:20,2024-01-23 15:00:00,2024-01-19 09:31:00
KDS/24/II/013,Xena Rahmawati,"Sidoarjo, Jawa Timur",Female,84567890123,LM 1234 YZ,Corolla,Automatic,Other,2022,Periodic Service,2024-02-04,Ganti oli,Done,10:20-11:20,2024-01-23 15:00:00,2024-01-19 09:31:00
KDS/24/II/005,Yana Suryani,"Gresik, Jawa Timur",Female,85678901234,MN 5678 AB,GT86,Manual,Petrol,2021,Tune Up Service,2024-02-05,Cek kelistrikan,Done,11:30-12:30,2024-01-24 16:00:00,2024-01-20 09:31:00
KDS/24/II/014,Yana Suryani,"Gresik, Jawa Timur",Female,85678901234,MN 5678 AB,GT86,Manual,Petrol,2021,Tune Up Service,2024-02-05,Cek kelistrikan,Done,11:30-12:30,2024-01-24 16:00:00,2024-01-20 09:31:00
KDS/24/II/006,Zaki Ramadhan,"Surabaya, Jawa Timur",Male,86789012345,OP 9012 CD,Hilux,Automatic,Diesel,2020,Periodic Service,2024-02-06,Ganti oli,Done,08:00-09:00,2024-01-25 17:00:00,2024-01-21 09:31:00
KDS/24/II/015,Zaki Ramadhan,"Surabaya, Jawa Timur",Male,86789012345,OP 9012 CD,Hilux,Automatic,Diesel,2020,Periodic Service,2024-02-06,Ganti oli,Done,08:00-09:00,2024-01-25 17:00:00,2024-01-21 09:31:00
KDS/24/II/007,Abdul Hadi,"Sidoarjo, Jawa Timur",Male,87890123456,PQ 3456 EF,IQ,Manual,Other,2019,Tune Up Service,2024-02-07,Cek mesin,Done,09:10-10:10,2024-01-26 18:00:00,2024-01-22 09:31:00
KDS/24/II/016,Abdul Hadi,"Sidoarjo, Jawa Timur",Male,87890123456,PQ 3456 EF,IQ,Manual,Other,2019,Tune Up Service,2024-02-07,Cek mesin,Done,09:10-10:10,2024-01-26 18:00:00,2024-01-22 09:31:00
KDS/24/II/008,Beni Saputra,"Gresik, Jawa Timur",Male,88901234567,RS 6789 GH,Land Cruiser,Automatic,Petrol,2018,Periodic Service,2024-02-08,Cek rem,Done,10:20-11:20,2024-01-27 19:00:00,2024-01-23 09:31:00
KDS/24/II/017,Beni Saputra,"Gresik, Jawa Timur",Male,88901234567,RS 6789 GH,Land Cruiser,Automatic,Petrol,2018,Periodic Service,2024-02-08,Cek rem,Done,10:20-11:20,2024-01-27 19:00:00,2024-01-23 09:31:00
KDS/24/II/009,Cintya Andini,"Surabaya, Jawa Timur",Female,89012345678,ST 9012 IJ,Prius,Manual,Diesel,2017,Body and Paint Service,2024-02-09,Pengecatan ulang,Done,11:30-12:30,2024-01-28 20:00:00,2024-01-24 09:31:00
KDS/24/II/018,Cintya Andini,"Surabaya, Jawa Timur",Female,89012345678,ST 9012 IJ,Prius,Manual,Diesel,2017,Body and Paint Service,2024-02-09,Pengecatan ulang,Done,11:30-12:30,2024-01-28 20:00:00,2024-01-24 09:31:00
KDS/24/II/010,Doni Susanto,"Sidoarjo, Jawa Timur",Male,80123456789,UV 1234 KL,PROACE VERSO,Automatic,Hybrid,2016,Tune Up Service,2024-02-10,Cek kelistrikan,Done,08:00-09:00,2024-01-29 21:00:00,2024-01-25 09:31:00
KDS/24/II/019,Doni Susanto,"Sidoarjo, Jawa Timur",Male,80123456789,UV 1234 KL,PROACE VERSO,Automatic,Hybrid,2016,Tune Up Service,2024-02-10,Cek kelistrikan,Done,08:00-09:00,2024-01-29 21:00:00,2024-01-25 09:31:00
KDS/24/II/011,Erna Wati,"Gresik, Jawa Timur",Female,81234567890,VX 5678 MN,RAV4,Manual,Petrol,2015,Periodic Service,2024-02-11,Ganti oli,Done,09:10-10:10,2024-01-30 22:00:00,2024-01-26 09:31:00
KDS/24/II/020,Erna Wati,"Gresik, Jawa Timur",Female,81234567890,VX 5678 MN,RAV4,Manual,Petrol,2015,Periodic Service,2024-02-11,Ganti oli,Done,09:10-10:10,2024-01-30 22:00:00,2024-01-26 09:31:00
KDS/24/II/012,Feri Gunawan,"Surabaya, Jawa Timur",Male,82345678901,XW 9012 OP,Supra,Automatic,Diesel,2024,"Periodic Service, Body and Paint Service",2024-02-12,Ganti oli dan cat ulang,Done,10:20-11:20,2024-01-31 08:00:00,2024-01-27 09:31:00
KDS/24/II/021,Feri Gunawan,"Surabaya, Jawa Timur",Male,82345678901,XW 9012 OP,Supra,Automatic,Diesel,2024,"Periodic Service, Body and Paint Service",2024-02-12,Ganti oli dan cat ulang,Done,10:20-11:20,2024-01-31 08:00:00,2024-01-27 09:31:00
KDS/24/II/022,Gilang Pratama,"Sidoarjo, Jawa Timur",Male,83456789012,YZ 3456 QR,Urban Cruiser,Manual,Other,2023,Tune Up Service,2024-02-13,Cek suspensi,Done,11:30-12:30,2024-02-01 09:00:00,2024-01-28 09:31:00
KDS/24/II/023,Hani Rahmawati,"Gresik, Jawa Timur",Female,84567890123,ZA 6789 ST,Verso,Automatic,Petrol,2022,Body and Paint Service,2024-02-14,Cat ulang bumper belakang,Done,12:40-13:40,2024-02-02 10:00:00,2024-01-29 09:31:00
KDS/24/II/024,Iwan Susanto,"Surabaya, Jawa Timur",Male,85678901234,BC 9012 UV,Verso-S,Manual,Diesel,2021,Periodic Service,2024-02-15,Ganti oli dan filter,Done,08:00-09:00,2024-02-03 11:00:00,2024-01-30 09:31:00
KDS/24/II/025,Jaka Setiawan,"Sidoarjo, Jawa Timur",Male,86789012345,CD 3456 WX,Yaris,Automatic,Petrol,2020,"Periodic Service, Tune Up Service",2024-02-16,Cek kelistrikan,Done,08:00-09:00,2024-02-04 12:00:00,2024-01-31 09:31:00
KDS/24/II/026,Kartika Wulandari,"Gresik, Jawa Timur",Female,87890123456,DE 7890 YZ,Auris,Manual,Diesel,2019,Body and Paint Service,2024-02-17,Cat ulang bumper depan,Done,08:00-09:00,2024-02-05 13:00:00,2024-02-01 09:31:00
KDS/24/II/027,Lukman Hakim,"Surabaya, Jawa Timur",Male,88901234567,EF 1234 AB,Avensis,Automatic,Other,2018,Periodic Service,2024-02-18,Ganti oli,Done,08:00-09:00,2024-02-06 14:00:00,2024-02-02 09:31:00
KDS/24/II/028,Maya Pratiwi,"Sidoarjo, Jawa Timur",Female,89012345678,GH 5678 CD,Aygo,Manual,Petrol,2017,Tune Up Service,2024-02-19,Cek kelistrikan,Done,11:30-12:30,2024-02-07 15:00:00,2024-02-03 09:31:00
KDS/24/II/029,Niko Suprapto,"Gresik, Jawa Timur",Male,80123456789,HI 9012 EF,C-HR,Automatic,Hybrid,2016,Periodic Service,2024-02-20,Ganti oli dan filter udara,Done,08:00-09:00,2024-02-08 16:00:00,2024-02-04 09:31:00
KDS/24/II/030,Olga Kurniawati,"Surabaya, Jawa Timur",Female,81234567890,JK 3456 GH,Camry,Manual,Diesel,2024,"Periodic Service, Tune Up Service",2024-02-21,Cek AC,Done,09:10-10:10,2024-02-09 17:00:00,2024-02-05 09:31:00
KDS/24/II/031,Pandu Supriyanto,"Sidoarjo, Jawa Timur",Male,82345678901,LM 6789 IJ,Corolla,Automatic,Other,2023,Body and Paint Service,2024-02-22,Pengecatan ulang,Done,10:20-11:20,2024-02-10 18:00:00,2024-02-06 09:31:00
KDS/24/II/032,Qori Wahyuni,"Gresik, Jawa Timur",Female,83456789012,MN 9012 KL,GT86,Manual,Petrol,2022,Tune Up Service,2024-02-23,Cek kelistrikan,Done,11:30-12:30,2024-02-11 19:00:00,2024-02-07 09:31:00
KDS/24/II/033,Rudi Hartanto,"Surabaya, Jawa Timur",Male,84567890123,OP 1234 MN,Hilux,Automatic,Diesel,2021,Periodic Service,2024-02-24,Ganti oli,Done,08:00-09:00,2024-02-12 20:00:00,2024-02-08 09:31:00
KDS/24/II/034,Sari Lestari,"Sidoarjo, Jawa Timur",Female,85678901234,PQ 5678 OP,IQ,Manual,Other,2020,Periodic Service,2024-02-25,Cek rem,Done,09:10-10:10,2024-02-13 21:00:00,2024-02-09 09:31:00
KDS/24/II/035,Tono Wibowo,"Gresik, Jawa Timur",Male,86789012345,RS 9012 QR,Land Cruiser,Automatic,Petrol,2019,Tune Up Service,2024-02-26,Cek AC,Done,10:20-11:20,2024-02-14 22:00:00,2024-02-10 09:31:00
KDS/24/II/036,Usman Hakim,"Surabaya, Jawa Timur",Male,87890123456,ST 3456 UV,Prius,Manual,Diesel,2018,Body and Paint Service,2024-02-27,Pengecatan ulang,Done,11:30-12:30,2024-02-15 23:00:00,2024-02-11 09:31:00
KDS/24/II/037,Vivi Suryani,"Sidoarjo, Jawa Timur",Female,88901234567,WX 6789 YZ,PROACE VERSO,Automatic,Hybrid,2017,Tune Up Service,2024-02-28,Cek kelistrikan,Done,12:40-13:40,2024-02-16 08:00:00,2024-02-12 09:31:00
KDS/24/III/001,Wulan Widiyanti,"Gresik, Jawa Timur",Female,89012345678,ZA 1234 AB,RAV4,Manual,Petrol,2016,Periodic Service,2024-03-01,Ganti oli,Done,08:00-09:00,2024-02-17 09:00:00,2024-02-13 09:31:00
KDS/24/III/002,Xavianto Wirawan,"Surabaya, Jawa Timur",Male,80123456789,BC 5678 CD,Supra,Automatic,Diesel,2024,"Periodic Service, Body and Paint Service",2024-03-02,Ganti oli dan cat ulang,Done,08:50-10:20,2024-02-18 10:00:00,2024-02-14 09:31:00
KDS/24/III/003,Yoga Prasetyo,"Sidoarjo, Jawa Timur",Male,81234567890,DE 9012 EF,Urban Cruiser,Manual,Other,2023,Tune Up Service,2024-03-03,Cek kelistrikan,Done,08:07-09:00,2024-02-19 11:00:00,2024-02-15 09:31:00
KDS/24/III/004,Zakiyah Putri,"Gresik, Jawa Timur",Female,82345678901,FG 3456 GH,Verso,Automatic,Petrol,2022,Body and Paint Service,2024-03-04,Cat ulang bumper belakang,Done,08:00-09:00,2024-02-20 12:00:00,2024-02-16 09:31:00
KDS/24/III/005,Agus Santoso,"Surabaya, Jawa Timur",Male,83456789012,HI 7890 IJ,Verso-S,Manual,Diesel,2021,Periodic Service,2024-03-05,Ganti oli dan filter,Done,09:10-10:10,2024-02-21 13:00:00,2024-02-17 09:31:00
KDS/24/III/006,Beni Rahmanto,"Sidoarjo, Jawa Timur",Male,84567890123,JK 1234 KL,Yaris,Automatic,Petrol,2020,"Periodic Service, Tune Up Service",2024-03-06,Cek kelistrikan,Done,10:20-11:20,2024-02-22 14:00:00,2024-02-18 09:31:00
KDS/24/III/007,Cintya Amalia,"Gresik, Jawa Timur",Female,85678901234,LM 5678 MN,Auris,Manual,Diesel,2019,Body and Paint Service,2024-03-07,Cat ulang bumper depan,Done,11:30-12:30,2024-02-23 15:00:00,2024-02-19 09:31:00
KDS/24/III/008,Dodi Wijaya,"Surabaya, Jawa Timur",Male,86789012345,NO 9012 PQ,Avensis,Automatic,Other,2018,Periodic Service,2024-03-08,Ganti oli,Done,08:00-09:00,2024-02-24 16:00:00,2024-02-20 09:31:00
KDS/24/III/009,Eka Susanto,"Sidoarjo, Jawa Timur",Male,87890123456,PQ 3456 RS,Aygo,Manual,Petrol,2017,Tune Up Service,2024-03-09,Cek kelistrikan,Done,08:00-09:00,2024-02-25 17:00:00,2024-02-21 09:31:00
KDS/24/III/010,Fikri Ramadhan,"Gresik, Jawa Timur",Male,88901234567,ST 7890 UV,C-HR,Automatic,Hybrid,2016,Periodic Service,2024-03-10,Ganti oli dan filter udara,Done,09:10-10:10,2024-02-26 18:00:00,2024-02-22 09:31:00
KDS/24/III/011,Gina Puspitasari,"Surabaya, Jawa Timur",Female,89012345678,WX 1234 YZ,Camry,Manual,Diesel,2024,"Periodic Service, Tune Up Service",2024-03-11,Cek AC,Done,10:20-11:20,2024-02-27 19:00:00,2024-02-23 09:31:00
KDS/24/III/012,Hani Saputra,"Sidoarjo, Jawa Timur",Female,80123456789,AB 5678 CD,Corolla,Automatic,Other,2023,Body and Paint Service,2024-03-12,Pengecatan ulang,Done,11:30-12:30,2024-02-28 20:00:00,2024-02-24 09:31:00
KDS/24/III/013,Iwan Suprianto,"Gresik, Jawa Timur",Male,81234567890,DE 9012 EF,GT86,Manual,Petrol,2022,Tune Up Service,2024-03-13,Cek kelistrikan,Done,12:40-13:40,2024-02-29 21:00:00,2024-02-25 09:31:00
KDS/24/III/014,Jaka Pratama,"Surabaya, Jawa Timur",Male,82345678901,FG 3456 GH,Hilux,Automatic,Diesel,2021,Periodic Service,2024-03-14,Ganti oli,Done,08:00-09:00,2024-03-01 22:00:00,2024-02-26 09:31:00
KDS/24/III/015,Kiki Wulandari,"Sidoarjo, Jawa Timur",Female,83456789012,HI 7890 IJ,IQ,Manual,Other,2020,Periodic Service,2024-03-15,Cek rem,Done,09:10-10:10,2024-03-02 23:00:00,2024-02-27 09:31:00
KDS/24/III/016,Leni Marwanto,"Gresik, Jawa Timur",Female,84567890123,JK 1234 KL,Land Cruiser,Automatic,Petrol,2019,Tune Up Service,2024-03-16,Cek AC,Done,10:20-11:20,2024-03-03 08:00:00,2024-02-28 09:31:00
KDS/24/III/017,Maya Santoso,"Surabaya, Jawa Timur",Female,85678901234,LM 5678 MN,Prius,Manual,Diesel,2018,Body and Paint Service,2024-03-17,Pengecatan ulang,Done,08:00-09:00,2024-03-04 09:00:00,2024-02-29 09:31:00
KDS/24/III/018,Nana Rahmawati,"Sidoarjo, Jawa Timur",Female,86789012345,MN 9012 OP,PROACE VERSO,Automatic,Hybrid,2017,Tune Up Service,2024-03-18,Cek kelistrikan,Done,08:00-09:00,2024-03-05 10:00:00,2024-03-01 09:31:00
KDS/24/III/019,Oki Saputra,"Gresik, Jawa Timur",Male,87890123456,QR 3456 ST,RAV4,Manual,Petrol,2016,Periodic Service,2024-03-19,Ganti oli,Done,08:00-09:00,2024-03-06 11:00:00,2024-03-02 09:31:00
KDS/24/III/020,Pandu Wibowo,"Surabaya, Jawa Timur",Male,88901234567,UV 7890 WX,Supra,Automatic,Diesel,2024,"Periodic Service, Body and Paint Service",2024-03-20,Ganti oli dan cat ulang,Done,08:00-09:00,2024-03-07 12:00:00,2024-03-03 09:31:00
KDS/24/III/021,Qori Ramadhan,"Sidoarjo, Jawa Timur",Male,89012345678,XY 1234 ZA,Urban Cruiser,Manual,Other,2023,Tune Up Service,2024-03-21,Cek kelistrikan,Done,09:10-10:10,2024-03-08 13:00:00,2024-03-04 09:31:00
KDS/24/III/022,Rina Suryani,"Gresik, Jawa Timur",Female,80123456789,BC 5678 DE,Verso,Automatic,Petrol,2022,Body and Paint Service,2024-03-22,Cat ulang bumper belakang,Done,10:20-11:20,2024-03-09 14:00:00,2024-03-05 09:31:00
KDS/24/III/027,Rina Suryani,"Gresik, Jawa Timur",Female,80123456789,BC 5678 DE,Verso,Automatic,Petrol,2022,Body and Paint Service,2024-03-22,Cat ulang bumper belakang,Done,10:20-11:20,2024-03-09 14:00:00,2024-03-05 09:31:00
KDS/24/III/023,Susan Hartati,"Surabaya, Jawa Timur",Female,81234567890,FG 9012 HI,Verso-S,Manual,Diesel,2021,Periodic Service,2024-03-23,Ganti oli dan filter,Done,11:30-12:30,2024-03-10 15:00:00,2024-03-06 09:31:00
KDS/24/III/028,Susan Hartati,"Surabaya, Jawa Timur",Female,81234567890,FG 9012 HI,Verso-S,Manual,Diesel,2021,Periodic Service,2024-03-23,Ganti oli dan filter,Done,11:30-12:30,2024-03-10 15:00:00,2024-03-06 09:31:00
KDS/24/III/024,Tania Wulandari,"Sidoarjo, Jawa Timur",Female,82345678901,JK 3456 LM,Yaris,Automatic,Petrol,2020,"Periodic Service, Tune Up Service",2024-03-24,Cek kelistrikan,Done,12:40-13:40,2024-03-11 16:00:00,2024-03-07 09:31:00
KDS/24/III/029,Tania Wulandari,"Sidoarjo, Jawa Timur",Female,82345678901,JK 3456 LM,Yaris,Automatic,Petrol,2020,"Periodic Service, Tune Up Service",2024-03-24,Cek kelistrikan,Done,12:40-13:40,2024-03-11 16:00:00,2024-03-07 09:31:00
KDS/24/III/025,Usman Saputra,"Gresik, Jawa Timur",Male,83456789012,MN 7890 OP,Auris,Manual,Diesel,2019,Body and Paint Service,2024-03-25,Cat ulang bumper depan,Done,08:00-09:00,2024-03-12 17:00:00,2024-03-08 09:31:00
KDS/24/III/030,Usman Saputra,"Gresik, Jawa Timur",Male,83456789012,MN 7890 OP,Auris,Manual,Diesel,2019,Body and Paint Service,2024-03-25,Cat ulang bumper depan,Done,08:00-09:00,2024-03-12 17:00:00,2024-03-08 09:31:00
KDS/24/III/026,Veri Suryanto,"Surabaya, Jawa Timur",Male,84567890123,PQ 1234 RS,Avensis,Automatic,Other,2018,Periodic Service,2024-03-26,Ganti oli,Done,09:10-10:10,2024-03-13 18:00:00,2024-03-09 09:31:00
KDS/24/III/031,Veri Suryanto,"Surabaya, Jawa Timur",Male,84567890123,PQ 1234 RS,Avensis,Automatic,Other,2018,Periodic Service,2024-03-26,Ganti oli,Done,09:10-10:10,2024-03-13 18:00:00,2024-03-09 09:31:00
KDS/24/III/032,Wina Ramadhani,"Sidoarjo, Jawa Timur",Female,85678901234,ST 5678 UV,Aygo,Manual,Petrol,2017,Tune Up Service,2024-03-27,Cek kelistrikan,Done,10:20-11:20,2024-03-14 19:00:00,2024-03-10 09:31:00
KDS/24/III/033,Yoga Hadianto,"Gresik, Jawa Timur",Male,86789012345,WX 9012 YZ,C-HR,Automatic,Hybrid,2016,Periodic Service,2024-03-28,Ganti oli dan filter udara,Done,11:30-12:30,2024-03-15 20:00:00,2024-03-11 09:31:00
KDS/24/IV/001,Ani Susanto,"Gresik, Jawa Timur",Female,87890123456,AB 1234 CD,Yaris,Manual,Petrol,2015,Periodic Service,2024-04-01,Ganti oli,Done,08:00-09:00,2024-03-18 08:00:00,2024-03-12 09:31:00
KDS/24/IV/002,Budi Rahmat,"Surabaya, Jawa Timur",Male,88901234567,EF 5678 GH,GT86,Automatic,Diesel,2016,Tune Up Service,2024-04-02,Cek AC,Done,09:10-10:10,2024-03-19 09:00:00,2024-03-13 09:31:00
KDS/24/IV/003,Citra Dewi,"Sidoarjo, Jawa Timur",Female,89012345678,IJ 9012 KL,IQ,Manual,Other,2017,Body and Paint Service,2024-04-03,Pengecatan ulang,Done,10:20-11:20,2024-03-20 10:00:00,2024-03-14 09:31:00
KDS/24/IV/004,Dian Susanti,"Gresik, Jawa Timur",Female,80123456789,MN 3456 OP,Land Cruiser,Automatic,Petrol,2018,Periodic Service,2024-04-04,Ganti oli,Done,11:30-12:30,2024-03-21 11:00:00,2024-03-15 09:31:00
KDS/24/IV/005,Eko Priyanto,"Surabaya, Jawa Timur",Male,81234567890,QR 7890 ST,Prius,Manual,Diesel,2019,Tune Up Service,2024-04-05,Cek kelistrikan,Done,08:00-09:00,2024-03-22 12:00:00,2024-03-16 09:31:00
KDS/24/IV/006,Fani Widiyanti,"Sidoarjo, Jawa Timur",Female,82345678901,UV 1234 WX,PROACE VERSO,Automatic,Hybrid,2020,Body and Paint Service,2024-04-06,Pengecatan ulang,Done,09:10-10:10,2024-03-23 13:00:00,2024-03-17 09:31:00
KDS/24/IV/007,Gilang Saputra,"Gresik, Jawa Timur",Male,83456789012,YZ 5678 AB,RAV4,Manual,Petrol,2021,Periodic Service,2024-04-07,Ganti oli,Done,10:20-11:20,2024-03-24 14:00:00,2024-03-18 09:31:00
KDS/24/IV/008,Hana Puspita,"Surabaya, Jawa Timur",Female,84567890123,CD 9012 EF,Supra,Automatic,Diesel,2022,Tune Up Service,2024-04-08,Cek kelistrikan,Done,11:30-12:30,2024-03-25 15:00:00,2024-03-19 09:31:00
KDS/24/IV/009,Iwan Pratama,"Sidoarjo, Jawa Timur",Male,85678901234,GH 3456 IJ,Urban Cruiser,Manual,Other,2023,Body and Paint Service,2024-04-09,Pengecatan ulang,Done,12:40-13:40,2024-03-26 16:00:00,2024-03-20 09:31:00
KDS/24/IV/010,Joko Wibowo,"Gresik, Jawa Timur",Male,86789012345,KL 7890 MN,Verso,Automatic,Petrol,2024,Periodic Service,2024-04-10,Ganti oli,Done,08:00-09:00,2024-03-27 17:00:00,2024-03-21 09:31:00
KDS/24/IV/011,Kiki Suryani,"Surabaya, Jawa Timur",Female,87890123456,OP 1234 QR,Verso-S,Manual,Diesel,2021,Tune Up Service,2024-04-11,Cek AC,Done,08:00-09:00,2024-03-28 18:00:00,2024-03-22 09:31:00
KDS/24/IV/012,Lina Rahmawati,"Sidoarjo, Jawa Timur",Female,88901234567,ST 5678 UV,Yaris,Automatic,Petrol,2020,Body and Paint Service,2024-04-12,Pengecatan ulang,Done,08:00-09:00,2024-03-29 19:00:00,2024-03-23 09:31:00
KDS/24/IV/013,Mario Kartiko,"Gresik, Jawa Timur",Male,89012345678,WX 9012 YZ,Auris,Manual,Diesel,2019,Periodic Service,2024-04-13,Ganti oli,Done,08:00-09:00,2024-03-30 20:00:00,2024-03-24 09:31:00
KDS/24/IV/019,Mario Kartiko,"Gresik, Jawa Timur",Male,89012345678,WX 9012 YZ,Auris,Manual,Diesel,2019,Periodic Service,2024-04-13,Ganti oli,Done,08:00-09:00,2024-03-30 20:00:00,2024-03-24 09:31:00
KDS/24/IV/014,Nina Santoso,"Surabaya, Jawa Timur",Female,80123456789,AB 3456 CD,Avensis,Automatic,Other,2018,Tune Up Service,2024-04-14,Cek kelistrikan,Done,08:00-09:00,2024-03-31 21:00:00,2024-03-25 09:31:00
KDS/24/IV/020,Nina Santoso,"Surabaya, Jawa Timur",Female,80123456789,AB 3456 CD,Avensis,Automatic,Other,2018,Tune Up Service,2024-04-14,Cek kelistrikan,Done,08:00-09:00,2024-03-31 21:00:00,2024-03-25 09:31:00
KDS/24/IV/015,Oki Wibowo,"Sidoarjo, Jawa Timur",Male,81234567890,EF 7890 GH,Aygo,Manual,Petrol,2017,Body and Paint Service,2024-04-15,Pengecatan ulang,Done,08:50-10:20,2024-04-01 22:00:00,2024-03-26 09:31:00
KDS/24/IV/021,Oki Wibowo,"Sidoarjo, Jawa Timur",Male,81234567890,EF 7890 GH,Aygo,Manual,Petrol,2017,Body and Paint Service,2024-04-15,Pengecatan ulang,Done,08:50-10:20,2024-04-01 22:00:00,2024-03-26 09:31:00
KDS/24/IV/016,Pandu Prasetyo,"Gresik, Jawa Timur",Male,82345678901,IJ 1234 KL,C-HR,Automatic,Hybrid,2016,Periodic Service,2024-04-16,Ganti oli,Done,08:07-09:00,2024-04-02 23:00:00,2024-03-27 09:31:00
KDS/24/IV/022,Pandu Prasetyo,"Gresik, Jawa Timur",Male,82345678901,IJ 1234 KL,C-HR,Automatic,Hybrid,2016,Periodic Service,2024-04-16,Ganti oli,Done,08:07-09:00,2024-04-02 23:00:00,2024-03-27 09:31:00
KDS/24/IV/017,Qori Hakim,"Surabaya, Jawa Timur",Male,83456789012,MN 5678 OP,Camry,Manual,Diesel,2023,Tune Up Service,2024-04-17,Cek kelistrikan,Done,08:00-09:00,2024-04-03 08:00:00,2024-03-28 09:31:00
KDS/24/IV/023,Qori Hakim,"Surabaya, Jawa Timur",Male,83456789012,MN 5678 OP,Camry,Manual,Diesel,2023,Tune Up Service,2024-04-17,Cek kelistrikan,Done,08:00-09:00,2024-04-03 08:00:00,2024-03-28 09:31:00
KDS/24/IV/018,Rudi Hartono,"Sidoarjo, Jawa Timur",Male,84567890123,QR 9012 ST,Corolla,Automatic,Other,2022,Body and Paint Service,2024-04-18,Pengecatan ulang,Done,09:10-10:10,2024-04-04 09:00:00,2024-03-29 09:31:00
KDS/24/IV/024,Rudi Hartono,"Sidoarjo, Jawa Timur",Male,84567890123,QR 9012 ST,Corolla,Automatic,Other,2022,Body and Paint Service,2024-04-18,Pengecatan ulang,Done,09:10-10:10,2024-04-04 09:00:00,2024-03-29 09:31:00
KDS/24/IV/025,Siti Nuraini,"Gresik, Jawa Timur",Female,85678901234,UV 3456 WX,GT86,Manual,Petrol,2021,Periodic Service,2024-04-19,Ganti oli,Done,10:20-11:20,2024-04-05 10:00:00,2024-03-30 09:31:00
KDS/24/IV/026,Tina Mardiyanti,"Surabaya, Jawa Timur",Female,86789012345,YZ 7890 AB,Hilux,Automatic,Diesel,2020,Tune Up Service,2024-04-20,Cek AC,Done,11:30-12:30,2024-04-06 11:00:00,2024-03-31 09:31:00
KDS/24/V/001,Ahmad Fauzi,"Gresik, Jawa Timur",Male,81234567890,AB 1234 CD,Auris,Manual,Diesel,2018,Periodic Service,2024-05-01,Ganti oli,Done,08:00-09:00,2024-04-20 08:00:00,2024-04-01 09:31:00
KDS/24/V/002,Bella Kurnia,"Surabaya, Jawa Timur",Female,82345678901,EF 5678 GH,Avensis,Automatic,Hybrid,2019,Tune Up Service,2024-05-02,Cek AC,Done,08:00-09:00,2024-04-21 09:00:00,2024-04-02 09:31:00
KDS/24/V/003,Chandra Wijaya,"Sidoarjo, Jawa Timur",Male,83456789012,IJ 9012 KL,Aygo,Semi-Auto,Other,2020,Body and Paint Service,2024-05-03,Pengecatan ulang,Done,09:10-10:10,2024-04-22 10:00:00,2024-04-03 09:31:00
KDS/24/V/004,Dewi Sartika,"Gresik, Jawa Timur",Female,84567890123,MN 3456 OP,C-HR,Manual,Petrol,2021,Periodic Service,2024-05-04,Ganti oli,Done,10:20-11:20,2024-04-23 11:00:00,2024-04-04 09:31:00
KDS/24/V/005,Erwin Santoso,"Surabaya, Jawa Timur",Male,85678901234,QR 7890 ST,Camry,Automatic,Diesel,2022,Tune Up Service,2024-05-05,Cek kelistrikan,Done,11:30-12:30,2024-04-24 12:00:00,2024-04-05 09:31:00
KDS/24/V/006,Fina Indah,"Sidoarjo, Jawa Timur",Female,86789012345,UV 1234 WX,Corolla,Manual,Other,2023,Body and Paint Service,2024-05-06,Pengecatan ulang,Done,12:40-13:40,2024-04-25 13:00:00,2024-04-06 09:31:00
KDS/24/V/007,Gilang Mahendra,"Gresik, Jawa Timur",Male,87890123456,YZ 5678 AB,GT86,Semi-Auto,Petrol,2024,Periodic Service,2024-05-07,Ganti oli,Done,08:00-09:00,2024-04-26 14:00:00,2024-04-07 09:31:00
KDS/24/V/008,Hani Puspa,"Surabaya, Jawa Timur",Female,88901234567,CD 9012 EF,Hilux,Automatic,Diesel,2021,Tune Up Service,2024-05-08,Cek AC,Done,09:10-10:10,2024-04-27 15:00:00,2024-04-08 09:31:00
KDS/24/V/009,Iwan Setiawan,"Sidoarjo, Jawa Timur",Male,89012345678,GH 3456 IJ,IQ,Manual,Other,2020,Body and Paint Service,2024-05-09,Pengecatan ulang,Done,10:20-11:20,2024-04-28 16:00:00,2024-04-09 09:31:00
KDS/24/V/010,Joko Susanto,"Gresik, Jawa Timur",Male,80123456789,KL 7890 MN,Land Cruiser,Semi-Auto,Petrol,2019,Periodic Service,2024-05-10,Ganti oli,Done,08:00-09:00,2024-04-29 17:00:00,2024-04-10 09:31:00
KDS/24/V/011,Kiki Rahman,"Surabaya, Jawa Timur",Female,81234567890,OP 1234 QR,Prius,Automatic,Diesel,2018,Tune Up Service,2024-05-11,Cek kelistrikan,Done,08:00-09:00,2024-04-30 18:00:00,2024-04-11 09:31:00
KDS/24/V/012,Lina Wati,"Sidoarjo, Jawa Timur",Female,82345678901,ST 5678 UV,PROACE VERSO,Manual,Other,2017,Body and Paint Service,2024-05-12,Pengecatan ulang,Done,08:00-09:00,2024-05-01 19:00:00,2024-04-12 09:31:00
KDS/24/V/013,Mario Rahmad,"Gresik, Jawa Timur",Male,83456789012,WX 9012 YZ,RAV4,Semi-Auto,Petrol,2016,Periodic Service,2024-05-13,Ganti oli,Done,08:00-09:00,2024-05-02 20:00:00,2024-04-13 09:31:00
KDS/24/V/014,Nina Kartika,"Surabaya, Jawa Timur",Female,84567890123,AB 3456 CD,Supra,Automatic,Diesel,2015,Tune Up Service,2024-05-14,Cek AC,Done,09:10-10:10,2024-05-03 21:00:00,2024-04-14 09:31:00
KDS/24/V/015,Oki Prabowo,"Sidoarjo, Jawa Timur",Male,85678901234,EF 7890 GH,Urban Cruiser,Manual,Other,2014,Body and Paint Service,2024-05-15,Pengecatan ulang,Done,10:20-11:20,2024-05-04 22:00:00,2024-04-15 09:31:00
KDS/24/V/016,Siti Nurhaliza,"Gresik, Jawa Timur",Female,89012345678,UV 3456 WX,Auris,Semi-Auto,Petrol,2010,Periodic Service,2024-05-19,Ganti oli,Done,10:20-11:20,2024-05-08 10:00:00,2024-04-20 09:31:00
KDS/24/V/017,Daniel Sumarto,"Solo, Klaten, Jawa Tengah ",Male,85806871679,W 123 KL, Supra,Automatic,Hybrid,2010,"Periodic Service, Body and Paint Service",2024-05-20,sedikit lecet kena cakar kucing tantrum,Done,11:30-12:30,2024-05-17 22:35:00,2024-04-21 09:31:00
KDS/24/V/018,Tina Mariana,"Surabaya, Jawa Timur",Female,80123456789,YZ 7890 AB,Avensis,Automatic,Diesel,2009,Tune Up Service,2024-05-20,Cek AC,Done,08:00-09:00,2024-05-09 11:00:00,2024-04-22 09:31:00
KDS/24/V/019,Udin Rahmat,"Sidoarjo, Jawa Timur",Male,81234567890,CD 1234 EF,Aygo,Manual,Other,2008,Body and Paint Service,2024-05-21,Pengecatan ulang,Done,09:10-10:10,2024-05-10 12:00:00,2024-04-23 09:31:00
KDS/24/V/020,Veronica Sari,"Gresik, Jawa Timur",Female,82345678901,EF 5678 GH,C-HR,Semi-Auto,Petrol,2007,Periodic Service,2024-05-22,Ganti oli,Done,10:20-11:20,2024-05-11 13:00:00,2024-04-24 09:31:00
KDS/24/V/021,Wahyu Prasetyo,"Surabaya, Jawa Timur",Male,83456789012,IJ 9012 KL,Camry,Automatic,Diesel,2006,Tune Up Service,2024-05-23,Cek kelistrikan,Done,11:30-12:30,2024-05-12 14:00:00,2024-04-25 09:31:00
KDS/24/V/022,Xena Kartika,"Sidoarjo, Jawa Timur",Female,84567890123,MN 3456 OP,Corolla,Manual,Other,2005,Body and Paint Service,2024-05-24,Pengecatan ulang,Done,08:00-09:00,2024-05-13 14:00:00,2024-04-26 09:31:00
KDS/24/VI/001,Yudi Prasetya,"Gresik, Jawa Timur",Male,81234567890,AB 1111 CD,Auris,Manual,Diesel,2018,Periodic Service,2024-06-01,Ganti oli,Done,09:10-10:10,2024-05-20 08:00:00,2024-04-27 09:31:00
KDS/24/VI/002,Yudi Prasetya,"Gresik, Jawa Timur",Male,81234567890,AB 1111 CD,Auris,Manual,Diesel,2018,Periodic Service,2024-06-01,Ganti oli,Done,10:20-11:20,2024-05-20 08:00:00,2024-04-28 09:31:00
KDS/24/VI/003,Zahra Amalia,"Surabaya, Jawa Timur",Female,82345678901,EF 2222 GH,Avensis,Automatic,Hybrid,2019,Tune Up Service,2024-06-02,Cek AC,Done,11:30-12:30,2024-05-21 09:00:00,2024-04-29 09:31:00
KDS/24/VI/004,Andi Wijaya,"Sidoarjo, Jawa Timur",Male,83456789012,IJ 3333 KL,Aygo,Semi-Auto,Other,2020,Body and Paint Service,2024-06-03,Pengecatan ulang,Done,12:40-13:40,2024-05-22 10:00:00,2024-04-30 09:31:00
KDS/24/VI/005,Budi Santoso,"Gresik, Jawa Timur",Male,84567890123,MN 4444 OP,C-HR,Manual,Petrol,2021,Periodic Service,2024-06-04,Ganti oli,Done,08:00-09:00,2024-05-23 11:00:00,2024-05-01 09:31:00
KDS/24/VI/006,Chika Rahma,"Surabaya, Jawa Timur",Female,85678901234,QR 5555 ST,Camry,Automatic,Diesel,2022,Tune Up Service,2024-06-05,Cek kelistrikan,Done,08:50-10:20,2024-05-24 12:00:00,2024-05-02 09:31:00
KDS/24/VI/007,Denny Wahyudi,"Sidoarjo, Jawa Timur",Male,86789012345,UV 6666 WX,Corolla,Manual,Other,2023,Body and Paint Service,2024-06-06,Pengecatan ulang,Done,08:07-09:00,2024-05-25 13:00:00,2024-05-03 09:31:00
KDS/24/VI/008,Daniel Sumarto,"Gresik, Jawa Timur",Male,85806871679,W 123 KL,Auris,Manual,Petrol,2010,"Periodic Service, Body and Paint Service",2024-06-07,Ganti oli,Done,08:00-09:00,2024-05-26 14:00:00,2024-05-04 09:31:00
KDS/24/VI/009,Ani Sumarni,"Surabaya, Jawa Timur",Female,81234567890,B 1234 CD,Avensis,Automatic,Hybrid,2015,"Periodic Service, Tune Up Service",2024-06-07,Ganti oli,Done,09:10-10:10,2024-05-26 14:00:00,2024-05-05 09:31:00
KDS/24/VI/010,Adi Nugroho,"Sidoarjo, Jawa Timur",Male,82345678901,D 5678 EF,Aygo,Manual,Diesel,2018,Body and Paint Service,2024-06-07,Ganti oli,Done,10:20-11:20,2024-05-26 14:00:00,2024-05-06 09:31:00
KDS/24/VI/011,Budi Santoso,"Gresik, Jawa Timur",Male,83456789012,L 9012 GH,C-HR,Automatic,Other,2017,Periodic Service,2024-06-07,Ganti oli,Done,11:30-12:30,2024-05-26 14:00:00,2024-05-07 09:31:00
KDS/24/VI/013,Eko Susilo,"Sidoarjo, Jawa Timur",Male,86789012345,AB 7890 KL,Corolla,Automatic,Diesel,2020,Periodic Service,2024-06-09,Pengecatan ulang,Done,08:00-09:00,2024-05-28 16:00:00,2024-05-09 09:33:00
KDS/24/VI/014,Fahmi Hidayat,"Gresik, Jawa Timur",Male,87890123456,DW 6789 MN,GT86,Manual,Petrol,2016,Body and Paint Service,2024-06-09,,Done,09:10-10:10,2024-05-28 16:00:00,2024-05-10 09:32:00
KDS/24/VI/015,Gina Sari,"Surabaya, Jawa Timur",Female,88901234567,DD 2345 OP,Hilux,Automatic,Hybrid,2018,Tune Up Service,2024-06-09,,Done,10:20-11:20,2024-05-28 16:00:00,2024-05-11 09:34:00
KDS/24/VI/016,Hendra Wijaya,"Sidoarjo, Jawa Timur",Male,89012345678,DB 5678 QR,IQ,Manual,Petrol,2015,Periodic Service,2024-06-09,,Done,11:30-12:30,2024-05-28 16:00:00,2024-05-11 09:32:00
KDS/24/VI/059,Daniel Sumarto,"Solo, Klaten, Jawa Tengah",Male,88901234567,H 4100 DEK, Yaris,Automatic,Petrol,2014,Tune Up Service,2024-06-10,,Done,08:15-09:00,2024-06-10 06:20:00,2024-06-10 11:51:43
KDS/24/VI/019,Ika Putri,"Gresik, Jawa Timur",Female,80123456789,BG 9012 ST,Land Cruiser,Automatic,Diesel,2017,Periodic Service,2024-06-10,,Done,09:10-10:10,2024-05-29 17:00:00,2024-05-15 09:31:00
KDS/24/VI/020,Joko Widodo,"Surabaya, Jawa Timur",Male,81234567890,BK 3456 UV,Prius,Manual,Hybrid,2019,Tune Up Service,2024-06-10,,Done,10:20-11:20,2024-05-29 17:00:00,2024-05-16 09:31:00
KDS/24/VI/058,naza sw,"Gresik, Jawa Timur",Female,8765244563,H 4100 DEK, Auris,Semi-Auto,Petrol,2012,"Tune Up Service, Periodic Service",2024-06-10,lecet,Done,12:15-13:00,2024-06-08 13:04:00,2024-06-10 13:19:00
KDS/24/VI/021,Kiki Ramadhan,"Sidoarjo, Jawa Timur",Female,82345678901,DA 6789 WX,PROACE VERSO,Automatic,Petrol,2021,"Periodic Service, Body and Paint Service",2024-06-11,Cek kelistrikan,Done,08:00-09:00,2024-05-30 18:00:00,2024-05-17 09:31:00
KDS/24/VI/017,Gina Sari,"Surabaya, Jawa Timur",Female,88901234567,DD 2345 OP,Hilux,Automatic,Hybrid,2018,Tune Up Service,2024-06-11,,Done,12:40-13:40,2024-05-28 16:00:00,2024-06-10 13:53:27
KDS/24/VI/022,Lia Haryati,"Gresik, Jawa Timur",Female,83456789012,AB 1234 CD,RAV4,Manual,Diesel,2024,Tune Up Service,2024-06-12,Ganti oli,Done,08:00-09:00,2024-05-31 09:30:00,2024-06-10 13:53:27
KDS/24/VI/055,Hendra Wijaya,"Sidoarjo, Jawa Timur",Male,89012345678,G 891 JI, Aygo,Automatic,Diesel,2009,Periodic Service,2024-06-12,,Done,11:00-11:45,2024-05-30 20:01:00,2024-05-31 14:44:00
KDS/24/VI/023,Mirna Pratiwi,"Surabaya, Jawa Timur",Female,84567890123,BC 5678 EF,Supra,Automatic,Other,2022,Body and Paint Service,2024-06-13,Cek AC,Approve,08:00-09:00,2024-06-01 10:20:00,2024-05-19 09:31:00
KDS/24/VI/024,Nina Suryani,"Sidoarjo, Jawa Timur",Female,85678901234,CD 9012 GH,Urban Cruiser,Manual,Hybrid,2021,Periodic Service,2024-06-14,Pengecatan ulang,Approve,08:00-09:00,2024-06-02 11:40:00,2024-05-20 09:31:00
KDS/24/VI/025,Oscar Wijaya,"Gresik, Jawa Timur",Male,86789012345,DE 3456 IJ,Verso,Automatic,Petrol,2020,"Periodic Service, Tune Up Service",2024-06-14,,Approve,09:10-10:10,2024-06-02 11:40:00,2024-05-21 09:31:00
KDS/24/VI/040,Rudi Hartono,"Sidoarjo, Jawa Timur",Male,84567890123,QR 9012 ST,Corolla,Automatic,Other,2022,Body and Paint Service,2024-06-17,,Pending,11:30-12:30,2024-06-05 15:10:00,2024-05-04 09:31:00
KDS/24/VI/041,Siti Nuraini,"Gresik, Jawa Timur",Female,85678901234,UV 3456 WX,GT86,Manual,Petrol,2021,Periodic Service,2024-06-17,,Pending,12:40-13:40,2024-06-05 15:10:00,2024-05-05 09:31:00
KDS/24/VI/042,Tina Mardiyanti,"Surabaya, Jawa Timur",Female,86789012345,YZ 7890 AB,Hilux,Automatic,Diesel,2020,Tune Up Service,2024-06-18,Ganti oli,Approve,08:00-09:00,2024-06-06 16:20:00,2024-05-06 09:31:00
KDS/24/VI/043,Ahmad Fauzi,"Gresik, Jawa Timur",Male,81234567890,AB 1234 CD,Auris,Manual,Diesel,2018,Periodic Service,2024-06-19,Cek AC,Approve,09:10-10:10,2024-06-07 08:30:00,2024-05-07 09:31:00
KDS/24/VI/044,Bella Kurnia,"Surabaya, Jawa Timur",Female,82345678901,EF 5678 GH,Avensis,Automatic,Hybrid,2019,Tune Up Service,2024-06-20,Pengecatan ulang,Pending,11:30-12:30,2024-06-08 09:45:00,
KDS/24/VI/052,Citra Dewi,"Sidoarjo, Jawa Timur",Female,89012345678,IJ 9012 KL,IQ,Manual,Other,2017,Body and Paint Service,2024-06-20,Cek AC,Approve,12:40-13:40,2024-06-11 09:45:00,2024-05-10 09:32:00
KDS/24/VI/049,Yoga Hadianto,"Gresik, Jawa Timur",Male,86789012345,WX 9012 YZ,C-HR,Automatic,Hybrid,2016,Periodic Service,2024-06-20,Ganti oli,Approve,13:15-14:30,2024-06-08 09:45:00,2024-05-11 09:34:00
KDS/24/VI/050,Ani Susanto,"Gresik, Jawa Timur",Female,87890123456,AB 1234 CD,Yaris,Manual,Petrol,2015,Periodic Service,2024-06-20,Cek kelistrikan,Approve,14:40-16:20,2024-06-09 09:45:00,2024-05-11 09:32:00
KDS/24/VI/051,Budi Rahmat,"Surabaya, Jawa Timur",Male,88901234567,EF 5678 GH,GT86,Automatic,Diesel,2016,Tune Up Service,2024-06-20,Ganti oli dan filter udara,Approve,11:30-12:30,2024-06-10 09:45:00,2024-06-10 11:51:43
KDS/24/VI/056,Hana Puspita,"Surabaya, Jawa Timur",Female,85287688276,W 123 KL, Prius,Automatic,Hybrid,2011,Body and Paint Service,2024-06-24,sedikit lecet habis keserempet sama hantu durian,Approve,13:15-14:30,2024-05-31 15:53:00,2024-05-15 09:31:00
KDS/24/VII/001,Dewi Sartika,"Gresik, Jawa Timur",Female,84567890123,MN 3456 OP,C-HR,Manual,Petrol,2021,Periodic Service,2024-07-01,Ganti oli,Approve,08:00-09:00,2024-06-01 08:00:00,2024-05-16 09:31:00
KDS/24/VII/002,Erwin Santoso,"Surabaya, Jawa Timur",Male,85678901234,QR 7890 ST,Camry,Automatic,Diesel,2022,Tune Up Service,2024-07-01,Ganti oli,Approve,12:40-13:40,2024-06-01 08:00:00,2024-06-10 13:19:00
KDS/24/VII/005,Hani Puspa,"Surabaya, Jawa Timur",Female,88901234567,CD 9012 EF,Hilux,Automatic,Diesel,2021,Tune Up Service,2024-07-01,Ganti oli,Approve,08:00-09:00,2024-06-01 08:00:00,2024-06-11 13:19:00
KDS/24/VII/003,Fina Indah,"Sidoarjo, Jawa Timur",Female,86789012345,UV 1234 WX,Corolla,Manual,Other,2023,Body and Paint Service,2024-07-02,Cek AC,Pending,09:10-10:10,2024-06-02 09:00:00,
KDS/24/VII/004,Gilang Mahendra,"Gresik, Jawa Timur",Male,87890123456,YZ 5678 AB,GT86,Semi-Auto,Petrol,2024,Periodic Service,2024-07-02,Cek AC,Approve,10:20-11:20,2024-06-02 09:00:00,2024-06-13 13:19:00
KDS/24/VII/006,Iwan Setiawan,"Sidoarjo, Jawa Timur",Male,89012345678,GH 3456 IJ,IQ,Manual,Other,2020,Body and Paint Service,2024-07-02,Cek AC,Approve,11:30-12:30,2024-06-02 09:00:00,2024-06-14 13:19:00
KDS/24/VII/007,Joko Susanto,"Gresik, Jawa Timur",Male,80123456789,KL 7890 MN,Land Cruiser,Semi-Auto,Petrol,2019,Periodic Service,2024-07-03,,Approve,08:10-09:40,2024-06-03 10:00:00,2024-06-15 13:19:00
KDS/24/VII/011,Eka Susanto,"Sidoarjo, Jawa Timur",Male,87890123456,PQ 3456 RS,Aygo,Manual,Petrol,2017,Tune Up Service,2024-07-03,,Approve,10:20-11:20,2024-06-03 10:00:00,2024-05-11 09:34:00
KDS/24/VII/012,Fikri Ramadhan,"Gresik, Jawa Timur",Male,88901234567,ST 7890 UV,C-HR,Automatic,Hybrid,2016,Periodic Service,2024-07-03,,Approve,10:20-11:50,2024-06-03 10:00:00,2024-05-12 09:34:00
DS/24/VII/013,Gina Puspitasari,"Surabaya, Jawa Timur",Female,89012345678,WX 1234 YZ,Camry,Manual,Diesel,2024,"Periodic Service, Tune Up Service",2024-07-03,Pengecatan ulang,Pending,,2024-06-03 10:00:00,2024-05-13 09:34:00
KDS/24/VII/014,Hani Saputra,"Sidoarjo, Jawa Timur",Female,80123456789,AB 5678 CD,Corolla,Automatic,Other,2023,Body and Paint Service,2024-07-04,Ganti oli,Approve,08:30-10:25,2024-06-04 11:00:00,2024-05-14 09:34:00
KDS/24/VII/015,Iwan Suprianto,"Gresik, Jawa Timur",Male,81234567890,DE 9012 EF,GT86,Manual,Petrol,2022,Tune Up Service,2024-07-04,Cek AC,Approve,10:30-12:45,2024-06-04 11:00:00,2024-05-15 09:34:00
KDS/24/VII/016,Jaka Pratama,"Surabaya, Jawa Timur",Male,82345678901,FG 3456 GH,Hilux,Automatic,Diesel,2021,Periodic Service,2024-07-04,Ganti oli,Approve,13:00-14:40,2024-06-04 11:00:00,2024-05-16 09:34:00
KDS/24/VII/017,Kiki Wulandari,"Sidoarjo, Jawa Timur",Female,83456789012,HI 7890 IJ,IQ,Manual,Other,2020,Periodic Service,2024-07-05,Cek kelistrikan,Approve,14:56-13:20,2024-06-05 12:00:00,2024-05-17 09:34:00
KDS/24/VII/018,Leni Marwanto,"Gresik, Jawa Timur",Female,84567890123,JK 1234 KL,Land Cruiser,Automatic,Petrol,2019,Tune Up Service,2024-07-05,Ganti oli,Approve,13:40-14:50,2024-06-05 12:00:00,2024-05-18 09:34:00
KDS/24/VII/019,Maya Santoso,"Surabaya, Jawa Timur",Female,85678901234,LM 5678 MN,Prius,Manual,Diesel,2018,Body and Paint Service,2024-07-05,Cek mesin,Approve,15:10-16:00,2024-06-05 12:00:00,2024-05-19 09:34:00
KDS/24/VII/008,Kiki Rahman,"Surabaya, Jawa Timur",Female,81234567890,OP 1234 QR,Prius,Automatic,Diesel,2018,Tune Up Service,2024-07-06,,Approve,12:40-13:30,2024-06-06 13:00:00,2024-05-20 09:34:00
KDS/24/VII/009,Fajar Nugroho,"Sidoarjo, Jawa Timur",Male,86789012346,UV 6767 WX,PROACE VERSO,Manual,Other,2024,Body and Paint Service,2024-07-06,,Review,,2024-06-06 13:00:00,2024-05-21 09:34:00
KDS/24/VII/010,Dodi Wijaya,"Surabaya, Jawa Timur",Male,86789012345,NO 9012 PQ,Avensis,Automatic,Other,2018,Periodic Service,2024-07-06,,Review,,2024-06-06 13:00:00,2024-05-22 09:34:00
KDS/24/VII/020,Nana Rahmawati,"Sidoarjo, Jawa Timur",Female,86789012345,MN 9012 OP,PROACE VERSO,Automatic,Hybrid,2017,Tune Up Service,2024-07-06,Cek rem,Review,,2024-06-06 13:00:00,2024-05-23 09:34:00
KDS/24/VII/021,Oki Saputra,"Gresik, Jawa Timur",Male,87890123456,QR 3456 ST,RAV4,Manual,Petrol,2016,Periodic Service,2024-07-06,Pengecatan ulang,Review,,2024-06-06 13:00:00,2024-05-24 09:34:00
KDS/24/VII/022,Pandu Wibowo,"Surabaya, Jawa Timur",Male,88901234567,UV 7890 WX,Supra,Automatic,Diesel,2024,"Periodic Service, Body and Paint Service",2024-07-06,Cek kelistrikan,Review,,2024-06-06 13:00:00,2024-05-25 09:34:00
KDS/24/VII/023,Qori Ramadhan,"Sidoarjo, Jawa Timur",Male,89012345678,XY 1234 ZA,Urban Cruiser,Manual,Other,2023,Tune Up Service,2024-07-06,Ganti oli,Review,,2024-06-06 13:00:00,2024-05-26 09:34:00
KDS/24/VIII/001,Rina Suryani,"Gresik, Jawa Timur",Female,80123456789,BC 5678 DE,Verso,Automatic,Petrol,2022,Body and Paint Service,2024-08-01,Ganti oli dan cat ulang,Review,,2024-07-01 08:00:00,2024-05-27 09:34:00
KDS/24/VIII/002,Susan Hartati,"Surabaya, Jawa Timur",Female,81234567890,FG 9012 HI,Verso-S,Manual,Diesel,2021,Periodic Service,2024-08-01,Cek suspensi,Review,,2024-07-01 08:00:00,2024-05-28 09:34:00
KDS/24/VIII/004,Hadi Prasetyo,"Gresik, Jawa Timur",Male,81234567892,AB 8989 CD,Land Cruiser,Manual,Diesel,2019,Periodic Service,2024-08-01,,Review,,2024-07-01 08:00:00,2024-05-29 09:34:00
KDS/24/VIII/005,Ika Permata,"Surabaya, Jawa Timur",Female,82345678903,EF 7979 GH,Prius,Automatic,Hybrid,2020,Tune Up Service,2024-08-02,,Review,,2024-07-02 09:00:00,
KDS/24/VIII/006,Jakarta Fadli,"Sidoarjo, Jawa Timur",Male,83456789014,IJ 6969 KL,Supra,Semi-Auto,Petrol,2021,Body and Paint Service,2024-08-02,,Review,,2024-07-03 10:00:00,
KDS/24/VIII/003,Tania Wulandari,"Sidoarjo, Jawa Timur",Female,82345678901,JK 3456 LM,Yaris,Automatic,Petrol,2020,"Periodic Service, Tune Up Service",2024-08-07,Cat ulang bumper belakang,Review,,2024-07-01 08:00:00,
